acronym	name	class_count
ABA-AMB	Allen Brain Atlas (ABA) Adult Mouse Brain Ontology	913
ABD	Anthology of Biosurveillance Diseases	1445
ACESO	Adverse Childhood Experiences Ontology	296
ACGT-MO	Cancer Research and Management ACGT Master Ontology	1770
ACVD_ONTOLOGY	Atherosclerotic Cerebrovascular Disease Ontology	1719
AD-DROP	Alzheimer Disease Relevance Ontology by Process	25
ADALAB	AdaLab ontology	
ADALAB-META	AdaLab-meta ontology	
ADAR	Autism DSM-ADI-R ontology	791
ADCAD	Arctic Data Center Academic Disciplines Ontology	67
ADHER_INTCARE_EN	Adherence and Integrated Care	264
ADHER_INTCARE_SP	Adherence and Integrated Care in Spanish	
ADMF	alzhaimer dessiese main factors	
ADMIN	Nurse Administrator	
ADMO	Alzheimer Disease Map Ontology	10943
ADO	Alzheimer's Disease Ontology	
ADW	Animal Natural History and Life History Ontology	364
AEO	Anatomical Entity Ontology	250
AERO	Adverse Event Reporting Ontology	497
AFO	Allotrope Merged Ontology Suite	3367
AFPO	African Population Ontology	473
AGRO	AGRonomy Ontology	4163
AGROCYMAC	Control y Monitoreo de afecciones en los cultivos	
AGROMOP	Control de Cacao	
AHOL	Animal Health Ontology for Livestock	339
AHSO	Animal Health Surveillance Ontology	38
AI	Artificial Intelligence	444
AI-RHEUM	Artificial Intelligence Rheumatology Consultant System Ontology	808
AIO	Artificial Intelligence Ontology	443
AISM	Ontology for the Anatomy of the Insect SkeletoMuscular system	7443
ALLERGIDOC	Allergy Ontology	106
ALLERGYDETECTOR	Allergy Detector II	12
ALTPROTON	An Ontology for integration and interoperability of multi-aspect data of Protein food production chains	300
AMINO-ACID	Amino Acid Ontology	46
AMPHX	The Amphioxus Development and Anatomy Ontology	403
AO	Asthma Ontology	289
APACOMPUTER	Computer Cluster	114
APADISORDERS	Disorders cluster	822
APAEDUCLUSTER	Educational Cluster	509
APANEUROCLUSTER	APA Neuro Cluster	501
APAOCUEMPLOY	APA Occupational and Employment cluster	448
APAONTO	Psychology Ontology	6037
APASTATISTICAL	APA Statistical Cluster	140
APATANDT	APA Tests and Testing cluster	208
APATREATMENT	APA Treatment Cluster	480
APO	Ascomycete Phenotype Ontology	619
APOLLO-SV	Apollo Structured Vocabulary	1717
APRO	Ancient Poet Resource Ontology	
ARCRC	Arctic Report Card	95
ARO	Antibiotic Resistance Ontology	8526
ASDF	testiiii1	
ASDPTO	Autism Spectrum Disorder Phenotype Ontology	284
ASPECT	ASPECT: wind energy vAriableS, ParametErs and ConsTants	2
ASSAYNODE	Assaynode	48
ATC	Anatomical Therapeutic Chemical Classification	6934
ATO	Amphibian Taxonomy Ontology	6135
ATOL	Animal Trait Ontology for Livestock	2352
ATOM	Atlas Ontology Model	93
AURA	KB_Bio_101	27396
BAO	BioAssay Ontology	7781
BAO-GPCR	G Protein-Coupled Receptor BioAssays Ontology	904
BCGO	Breast Cancer Grading Ontology	133
BCI-O	Brain-Computer Interaction (BCI) Ontology	182
BCLION	Breast Cancer Lifestyle Ontology	30
BCMO	Breast Cancer-Microbiome Ontology 	
BCO	Biological Collections Ontology	254
BCON	Breast Cancer Ontology	66
BCS7	Breast Cancer Staging - 7th Edition	22
BCS8	Breast Cancer Staging - 8th Edition	31
BCSR-ONTO	Breast cancer screening recommendation ontology	34
BCTEO	Bone and Cartilage Tissue Engineering Ontology	253
BCTT	Behaviour Change Technique Taxonomy	110
BDO	Bone Dysplasia Ontology	3668
BE	Bioentities	442
BERO	Biological and Environmental Research Ontology	392307
BFLC	LC BIBFRAME 2.0 Vocabulary Extension	
BFO	Basic Formal Ontology	35
BHN	Biologie Hors Nomenclature	2534
BHO	Bleeding History Phenotype Ontology	544
BIBFRAME	BIBFRAME 2.0	
BIBLIOTEK-O	The Biblioteko Ontology	278
BIFO	Biofilm Ontology	78
BIM	Biomedical Image Ontology	
BIN	Body in Numbers project terminology	
BIODIVTHES	Biodiversity Thesaurus	4
BIOLINK	Biolink Model	505
BIOMO	Biological Observation Matrix Ontology	1596
BIOMODELS	BioModels Ontology	187520
BIPOM	Biological interlocked Process Ontology for metabolism	142
BIPON	Bacterial interlocked Process ONtology	1746
BIRNLEX	Biomedical Informatics Research Network Project Lexicon	3580
BIRTHONTO	BirthOnto: Birth Data Analysis	87
BKO	Bricks ontology	669
BLLM	Large Language Model Ontology	
BMONT	The Biomarker Ontology	542
BMS-LM	BioMedical Study Lifecycle Management	154
BMT	Biomedical Topics	253
BNO	Bionutrition Ontology	100
BOF	Biodiversity Ontology	189
BOSHI	boshra	
BP	BioPAX Ontology of Biological Pathways	69
BP-METADATA	BioPortal Metadata Ontology	102
BPFORMS	Ontology of chemically concrete, composable DNA, RNA, and protein residue and crosslinks	
BPT	Biological Pathway Taxonomy	3875
BRAIN-COF	Computational Ontology Framework for Brain Profiles	125
BRAZI	Estados, Municipios, Bairros e Regiões do Brasil	
BRCT	Brain Region & Cell Type terminology	1654
BRIDG	Biomedical Research Integrated Domain Group Model	325
BRO	Biomedical Resource Ontology	488
BRSO	Biological Resource Schema Ontology	15
BSAO	Botryllus schlosseri anatomy and development ontology	104
BSPO	Spatial Ontology	170
BT	BioTop Ontology	390
BT-ONTOLOGY	BrainTeaser Ontology (BTO)	180
BTO	BRENDA Tissue and Enzyme Source Ontology	6569
BTO-BFO	Brinell Test Ontology-BFO	182
BTO-EMMO	Brinell Test Ontology-EMMO	2227
BTO-PROVO	Brinell Test Ontology-PROVO	253
BTO_ONTOLOGY	Brain Tumour Ontology	28
C19M	COVID-19	
CABRO	Computer Assisted Brain Injury Rehabilitation Ontology	59
CANCO	Cancer Chemoprevention Ontology	127
CANONT	Upper-Level Cancer Ontology 	56
CAO	Clusters of Orthologous Groups (COG) Analysis Ontology	205
CARELEX	Content Archive Resource Exchange Lexicon	339
CARO	Common Anatomy Reference Ontology	721
CAROLIO	Caroli's Disease and Syndrome Ontology	87
CARRE	CARRE Risk Factor ontology	175
CASE-BASE-ONTO	Case-base ontology for gastric dystemperament in Persian medicine	
CBO	Cell Behavior Ontology	246
CCF	Human Reference Atlas Common Coordinate Framework Ontology	41
CCO	Cell Cycle Ontology	264891
CCON	Cerrado concepts and plant community dynamics	86
CCONT	Cell Culture Ontology	
CCTOO	Cancer Care: Treatment Outcome Ontology	1133
CDAO	Comparative Data Analysis Ontology	165
CDMONTO	Common Diabetes Medications Ontology	303
CDNO	Compositional Dietary Nutrition Ontology	
CDO	Chinese Diabetes Mellitus Ontology	
CDOH	Commercial determinant of Health Ontology	357
CDPEO	Chronic Disease Patient Education Ontology	40
CEDARPC	CEDAR Provisional Classes	
CEDARVS	CEDAR Value Sets	34
CEPH	Cephalopod Ontology	1569
CHD	Congenital Heart Defects Ontology	511
CHEAR	Children's Health Exposure Analysis Resource	14864
CHEBI	Chemical Entities of Biological Interest Ontology	220816
CHEMBIO	Systems Chemical Biology and Chemogenomics Ontology 	104
CHEMINF	Chemical Information Ontology	849
CHEMROF	CHEMROF	237
CHIRO	CHEBI Integrated Role Ontology	13286
CHMO	Chemical Methods Ontology	3100
CHO	ChemoOnto	14
CHR	Monochrom	2650
CHRO	Chromatin Regulator Ontology	1204
CIDO	Coronavirus Infectious Disease Ontology	31924
CIDOC-CRM	CIDOC Conceptual Reference Model	85
CIINTEADO	Ciona intestinalis Anatomy and Development Ontology	880
CIO	Confidence Information Ontology	44
CISAVIADO	Ciona savignyi Anatomy and Development Ontology 	880
CKDO	Chronic Kidney Disease Ontology	280
CL	Cell Ontology	16667
CLAO	Collembola Anatomy Ontology	1516
CLO	Cell Line Ontology	43327
CLYH	Clytia hemisphaerica Development and Anatomy Ontology	265
CMDO	Clinical MetaData Ontology	188
CMECS	Coastal and Marine Ecological Classification Standard Catalog	1690
CMO	Clinical Measurement Ontology	4047
CMPO	Cellular microscopy phenotype ontology	813
CMR-QA	Cardiovascular Magnetic Resonance Quality Assessment Ontology	110
CN	computer network	537
CNO	Computational Neuroscience Ontology	386
CO	Crop Ontology	
CO-WHEAT	Wheat Trait Ontology 	176
COB	Core Ontology for Biology and Biomedicine	68
CODO	CODO: an Ontology for collection and analysis of COviD-19 data	385
COGAT	Cognitive Atlas Ontology	4053
COGPO	Cognitive Paradigm Ontology	199
COHSI2STUDY	cohsi2study	2
COHSI2TERMSWEEKX	cohsi2termsweekx	2
COID	Combined Ontology for Inflammatory Diseases	1185
COKPME	COKPME - COVID19 Ontology for analyzing the Karnataka Private Medical Establishments Data  	25
COLAO	Coleoptera Anatomy Ontology	894
COMET	LinkML Common Metadata Elements and Terms	207
COMO	Context and Measurement Ontology	445
COMODI	COMODI	65
CONDOR	Liver Cancer Ontology Diagnosis Treatment	55
CONTSONTO	Continuity of care	171
COPDO	COPD Ontology	108
COSTART	Coding Symbols for a Thesaurus of Adverse Reaction Terms	1707
COVID-19	COVID-19 Ontology	2270
COVID-19-ONT-PM	COVID-19OntologyInPatternMedicine	299
COVID19	COVID-19 Surveillance Ontology	32
COVID19-IBO	Covid19 Impact on Banking Ontology	159
COVIDCRFRAPID	WHO COVID-19 Rapid Version CRF semantic data model	396
CPRO	Computer-Based Patient Record Ontology	128
CPT	CPT - Current Procedural Terminology	14403
CPTAC	CPTAC Proteomics Pipeline Infrastructure Ontology	19
CRENO	Culture, Race, Ethnicity and Nationality Ontology	1107
CRISP	Computer Retrieval of Information on Scientific Projects Thesaurus	9039
CRO	Contributor Role Ontology	124
CRYOEM	Cryo Electron Microscopy	111
CS	Coping Strategies for Adverse Drug Events Ontology	
CSEO	Cigarette Smoke Exposure Ontology	20085
CSO	Clinical Study Ontology	37
CSSO	Clinical Signs and Symptoms Ontology	303
CST	Cancer Staging Terms	
CSTD	Clinical smell and taste disorders	98
CTCAE	Common Terminology Criteria for Adverse Events	4049
CTENO	Ctenophore Ontology	668
CTGO	Clinical Trials Gov Ontology	121
CTO	Clinical Trials Ontology	273
CTO-NDD	Clinical Trials Ontology - Neurodegenerative Diseases	377
CTONT	Epoch Clinical Trial Ontology	43
CTU_BEREADY_GEM	CTU Bern BEReady Gemeinden	3
CTX	Cerebrotendinous Xanthomatosis Ontology	479
CU-VO	Venom Ontology	11
CVAO	STO	1712
CVDO	Cardiovascular Disease Ontology	720
CWD	Consumer Wearable Device	46
CYTO	CYTOKINE	317
D3O	DSMZ Digital Diversity Ontology	294
DATACITE	SPAR DataCite Ontology	21
DATACITE-VOCAB	DATACITE V4.4	2
DC	Dublin Core	11
DCAT	Data Catalog Vocabulary	
DCAT-FDC	Data Catalog Vocabulary (DCAT)	73
DCAT3	DCAT3	75
DCCDFV	Dublin Core Collection Description Frequency Vocabulary	1
DCM	DICOM Controlled Terminology	4866
DCMITYPE	DCMI Type Vocabulary	18
DCO	Dispedia Core Ontology	49
DCT	DC Terms	25
DCTERMS	DCMI Metadata Terms: properties in /terms/ namespace	25
DDANAT	Dictyostelium Discoideum Anatomy Ontology	135
DDI	Ontology for Drug Discovery Investigations	156
DDIEM	Drug Database for Inborn Errors of Metabolism (DDIEM) Ontology	208
DDPHENO	Dictyostelium Discoideum Phenotype Ontology	1373
DDSS	Health_ontology	712018
DEB	Devices, Experimental scaffolds and Biomaterials Ontology	601
DECIDE	DECIDE ONTOLOGY	19
DERMLEX	Dermatology Lexicon	6106
DERMO	Human Dermatological Disease Ontology	3521
DFO	Databank Family Ontology	12
DHMO	RADx Data Hub Metadata Ontology	145
DIAB	BioMedBridges Diabetes Ontology	375
DIAGONT	Diagnostic Ontology	96
DIDEO	Drug Interaction and Evidence Ontology	617
DIKB	Drug Interaction Knowledge Base Ontology	161
DILON	Dietary lifestyle ontology	262
DINTO	The Drug-Drug Interactions Ontology	28178
DISDRIV	Disease Drivers Ontology	18
DLORO	Dependency Layered Ontology for Radiation Oncology	295
DMDSONT	Diabetes Mellitus Diagnosis and Support Ontology 	8
DMTO	Diabetes Mellitus Treatment Ontology	
DOCCC	Diagnosis Ontology of Clinical Care Classification	204
DOID	Human Disease Ontology	18897
DOREMUS-KEYS	Doremus List of Keys	3
DOVES	Digital medicine Outcomes Value Set (DOVeS) Ontology	27531
DPCO	Diabetes Pharmacology Ontology	
DPO	Drosophila Phenotype Ontology	1382
DRANPTO	Dementia-Related Agitation Non-Pharmacological Treatment Ontology	569
DREAMDNPTO	Dementia-Related Emotional And Mood Disturbance Non-Pharmacological Treatment Ontology	1258
DRMO	Dental Restorative Material Ontology	
DRON	The Drug Ontology	747494
DRPSNPTO	Dementia-Related Psychotic Symptoms Non-Pharmacological Treatment Ontology	610
DSEO	Data Science Education Ontology	131
DSIP	Pharmacy mock data	
DSIP1V	DSIP1_vocabulary	2
DSIP2324_DEMO	DSIP2324_Demonstration	2
DSIP7	DSIP_FieldLab_7	2
DSIP8	DSIP8REFUGEE	2
DSIPF7	DSIP FiledLab7 	2
DSIPFL7	DSIP_Fieldlab_7	2
DSIP_FL_7	DSIP_FL_7	2
DTO	Drug Target Ontology	10075
DUO	The Data Use Ontology	307
E-PPO	Enhanced Personal Profile Ontology	54
EBP	EmpowerBP	50
ECAO	The Echinoderm Anatomy and Development Ontology	7160
ECDO	Elderly Care Dementia Ontology	2
ECG	Electrocardiography Ontology	1124
ECM4M-MD-VOCABS	EarthCube M4M Metadata Vocabulary	2
ECO	Evidence and Conclusion Ontology	2284
ECOCORE	An ontology of core ecological entities	5586
ECOSIM	ecosim ontology	1684
ECP	Electronic Care Plan	32
ECSO	The Ecosystem Ontology	2094
ECTO	Environmental conditions, treatments and exposures ontology	
EDAM	EDAM - The data analysis and management ontology	3511
EDAM-BIOIMAGING	EDAM Bioimaging Ontology	341
EDDA	EDDA Study Designs Taxonomy	502
EDDA_PT	EDDA Publication Types Taxonomy	93
EDEM-CONNECTONTO	eDEM-Connect: Ontology of Dementia-related Agitation and Relationship between Informal Caregivers and Persons with Dementia	241
EFO	Experimental Factor Ontology	63496
EGO	Epigenome Ontology	2952
EHDA	Human Developmental Anatomy Ontology, timed version	8340
EHDAA	Human Developmental Anatomy Ontology, abstract version 1	2314
EHDAA2	Human Developmental Anatomy Ontology, abstract version 2	2743
ELD	EthiopianListOfDiseases	2
ELECTRICA	Ontology for ELEctronic tool for Clinicians, Trainers and Researchers In Child Abuse	1741
ELIG	Eligibility Feature Hierarchy	29
ELTER_CL	eLTER Controlled Lists	23
EMAP	Mouse Gross Anatomy and Development Ontology	19444
EMAPA	Mouse gross anatomy and development, timed	8768
EMIF-AD	EMIF-AD ontology	700
EMO	Enzyme Mechanism Ontology	
ENDOH	Environmental Determinants of Health	102
ENM	eNanoMapper	25795
ENTITY	ISO-15926-2_2003_entityMembership	203
ENVO	Environment Ontology	7030
ENVS_VARIABLES	ENVS variables	2
ENVTHES	Thesaurus for long-term ecological research, monitoring, experiments	6
EO	Ethnicity Ontoloy	
EO1	Example Ontology	2
EOL	Environment Ontology for Livestock	648
EP	Cardiac Electrophysiology Ontology	232
EPIE	Epigenetic Entity	392
EPILONT	Epilepsy Ontology	138
EPIO	EpilepsyOntology	1916
EPIP	Epigenetic Process	263
EPISEM	Epilepsy Semiology	1594
EPO	Early Pregnancy Ontology	
EPSO	Epilepsy and Seizure Ontology	2160
ERO	Eagle-I Research Resource Ontology	4061
ESFO	Enzyme Structure Function Ontology	22
ESO_C	Epilepsy Semiology Ontology	179
ESSO	Epilepsy Syndrome Seizure Ontology	2705
ETANC	ETHIOPIANC	2
ETHANC	ETHANC	2
ETHOPD	Ethiopian OPD	2
EUPATH	VEuPathDB Ontology	5110
EVI	Evidence Graph Ontology	31
EVS	Exposure Value Set	2
EXACT	An ontology for experimental actions	162
EXMO	Exercise Medicine Ontology	
EXO	Exposure Ontology	152
EXON	Experimental Ontology	5
EXTRACT	EXTeRnAl Conditions Taxonomy (EXTRACT)	2
FALDO	Feature Annotation Location Description Ontology 	19
FALL	MyOntoServiceFull_FallDetection	51
FALLS	falls prevention 	30
FAO	Fungal Gross Anatomy Ontology	120
FARMACI	FARMACI AIFA	
FAST-CHRONO	FAST (Faceted Access of Subject Terminology) Chronological Facet	3
FAST-EVENT	FAST (Faceted Application of Subject Terminology) Event	4
FAST-EVENT-SKOS	FAST (Faceted Application of Subject Terminology) Event Facet	4
FAST-FORMGENRE	FAST (Faceted Application of Subject Terminology) FormGenre facet	3
FAST-GENREFORM	FAST (Faceted Access of Subject Terminology) GenreForm	4
FAST-TITLE	FAST (Faceted Application of Subject Terminology) Title Facet	3
FASTO	HL7 FHIR and SSN ontology based Type 1 Diabetes Mellitus Ontology	
FB-BT	Drosophila Gross Anatomy Ontology	28344
FB-CV	FlyBase Controlled Vocabulary	2332
FB-DV	Drosophila Development Ontology	222
FB-SP	Fly Taxonomy	6600
FBbi	Biological Imaging Methods Ontology	649
FCC1	Fernald Community Cohort N	9
FDC-GDMT	Ontology for Generic Dataset Metadata Template	2
FDSAJFAHSJK	OWL_XML_Tool5	3
FDT-O	FAIR Data Train Ontology	47
FENICS	Functional Electrophysiology Nomenclature for Ion Channels	153
FG	FAIR Genomes	9
FGNHNS	FoodGroupNHNS	6087
FHHO	Family Health History Ontology	238
FIDEO	Food Interactions with Drugs Evidence Ontology	3543
FIRE	Fire Ontology	53
FISH-AST	FISH Archaeological Sciences Thesaurus	2
FISHO	Fish Ontology	386
FITBIT	Fitbit Vocabulary	
FIT_BIT	Fitbit Vocabularies 	2
FIX	Physico-Chemical Methods and Properties	1163
FLDLB3	FIELDLAB3_2023_2	2
FLOPO	Flora Phenotype Ontology	26873
FLU	Influenza Ontology	585
FLYGLYCODB	FlyGlycoDB	114
FMA	Foundational Model of Anatomy	104721
FMPM	Food Matrix for Predictive Microbiology	162
FNS-H	FNS-Harmony	31464
FO	Fern Ontology	
FOAF	Friend of a Friend Vocabulary	22
FOBI	FOBI (Food-Biomarker Ontology)	1334
FOODON	The FoodOn Food Ontology	39435
FOUR-M_VOCABS	AGE-FRIENDLY 4M VOCABULARY	
FOVT	FuTRES Ontology of Vertebrate Traits	11322
FPLX	FamPlex	
FRMO	Fall Risk Management Ontology 	890
FTC	Functional Therapeutic Chemical Classification System	61426
FYPO	Fission Yeast Phenotype Ontology	16770
G-PROV	Guideline Provenance	138
G4-DSIP	Group 4-Data Science in Practice	2
GALEN	Galen Ontology	23141
GALLONT	Plant Gall Ontology	395
GAMUTS	Radiology Gamuts Ontology	16876
GAZ	Gazetteer	668838
GB	GlycanBind	13
GBM	Glioblastoma	
GBOL	GBOL	337
GCBO	Global Code Book Ontology	3395
GCO	Genome Component Ontology	5
GDCO	Data Collection Ontology	73
GDMT	Generic Dataset Metadata Template Vocabulary	
GDOA	Graphic Descriptor Ontology Anatomy Extension	188
GECCO	COVID-19 Common Datamodel	
GECKO	Genomics Cohorts Knowledge Ontology	154
GENAI	Generative AI Ontology	55
GENDER	Gender Identity	2
GENE-CDS	Genomic Clinical Decision Support Ontology	2265
GENEPIO	Genomic Epidemiology Application Ontology 	7208
GENEVIEVE	Charlotte	
GENO	Genotype Ontology	425
GEO	Geographical Entity Ontology	328
GEOSPARQL	GeoSPARQL	61
GEOSPECIES	GeoSpecies Ontology	86
GEXO	Gene Expression Ontology	166254
GFF-M4M	GO FAIR M4M	10
GFFO	Genetic Feature Format Ontology	1
GFO	General Formal Ontology	45
GFO-BIO	General Formal Ontology for Biology	168
GFVO	Genomic Feature and Variation Ontology	102
GLYCO	Glycomics Ontology	
GLYCOCOO	GlycoConjugate Ontology	51
GLYCORDF	GlycoRDF	137
GML	Ontology for Geography Markup Language (GML3.0)	175
GMM	GoMapMan	1896
GMO	Growth Medium Ontology	1559
GNO	Glycan Naming Ontology	194565
GO	Gene Ontology	51641
GO-EXT	Gene Ontology Extension	35873
GO-PLUS	go-plus	84145
GOLDTERMS	GOLD Ecosystem Classification	1825
GPML	Graphical Pathway Markup Language	19
GRO	Gene Regulation Ontology	507
GRO-CPD	Cereal Plant Development Ontology	238
GRO-CPGA	Cereal Plant Gross Anatomy Ontology	1548
GSSO	Gender, Sex, and Sexual Orientation Ontology	13192
GVO	Genome Variation Ontology	77
HAAURAADO	Halocynthia aurantium Anatomy and Development Ontology	856
HAMIDEHSGH	Inherited Retinal Dystrophy	407
HANCESTRO	Human Ancestry Ontology	1259
HAO	Hymenoptera Anatomy Ontology	2597
HAROREADO	Halocynthia roretzi Anatomy and Development Ontology	856
HASCO	Human-Aware Science Ontology	2490
HC	Habronattus Courtship Ontology	
HCDR	Homelessness and Clinical Data Recording	119
HCODONONT	HGeneCodonOntology	98
HCPCS	Healthcare Common Procedure Coding System	7778
HDMPONTO	HierarchicalDMProcessOnto	377
HECON	HECON: Health Condition Evolution Ontology	16
HED	Hierarchical Event Descriptors	1358
HEIO	Regional Healthcare System Interoperability and Information Exchange Measurement Ontology	125
HELIFIT	HeLiFit-Ontology	511
HENECON	Head and Neck Cancer Ontology	1841
HENEGEO	Head and Neck Cancer - Clinical and Gene Ontology	29996
HERO	Healthcare Monitoring and Emergency Response Ontology	1205
HFO	Heart Failure Ontology	1652
HGNC	HUGO Gene Nomenclature	32918
HGNC-NR	HGNC New Releases Ontology	49026
HHEAR	Human Health Exposure Analysis Resource	
HHEARP	HHEAR Properties	2489
HHEARVS	HHEAR Value Sets	3
HINO	Human Interaction Network Ontology	37630
HIO	Hearing Impairment Ontology	496
HIV	HIV ontology	
HIVCRS	HIVCompoundRels	8
HIVHPV	HIVHPV	
HIVHPVFGS	HIV, HPV, FGS vocabulary	2
HIVHPVSCHISTOSOM	HIVHPVSchistosomiasis	2
HIVHPVSTOM	HIVHPVStom	
HIVMT	HIVMutation	161
HIVO004	HIVOntologymain.owl	
HL7	Health Level Seven Reference Implementation Model, Version 3	9095
HMADO	Human Microbiome Associated Disease Ontology 	
HMIS033B	HMIS 033	0
HMISLAB0115	HMIS LAB 011 5	2
HNS	HNS_Ontolgoy	
HO	Histological Ontology	
HOIP	Homeostasis imbalance process ontology	14018
HOM	Ontology of Homology and Related Concepts in Biology	66
HOME	Health Ontology for Minority Equity	82
HOOM	HPO - ORDO Ontological Module	
HORD	Holistic Ontology of Rare Diseases	14558
HP	Human Phenotype Ontology	22929
HPIO	Host Pathogen Interactions Ontology	275
HPO	Hypertension-Ontology	114
HP_O	Hypersensitivity pneumonitis ontology	199
HRA	Human Reference Atlas	11587
HRAVS	HuBMAP Research Attributes Value Set	2
HRDO	Disease core ontology applied to Rare Diseases	13539
HSAPDV	Human Developmental Stages Ontology	260
HSCLO38	Homo sapiens Chromosomal Location Ontology for GRCh38	
HSO	Health Surveillance Ontology	426
HSPO	Health and Social Person-centric Ontology	52461
HTN	Hypertension Ontology	603
HTO	Horridge Test Ontology	3
HUPSON	Human Physiology Simulation Ontology	2920
HW	wsm	7
I-ADOPT	I-ADOPT Framework Ontology	5
I2SV	Integration and Implementation Sciences Vocabulary	2
IAML-MOP	IAML Medium of Performance Vocabulary	2
IAO	Information Artifact Ontology	264
IBD	Indian Biodiversity Ontology	362
IBIO	IndianBiodiversity	362
IBO	Imaging Biomarker Ontology	555
ICD-O-3	International Classification of Diseases for Oncology, 3rd edition	2753
ICD10	International Classification of Diseases, Version 10	12445
ICD10CM	International Classification of Diseases, Version 10 - Clinical Modification	98030
ICD10PCS	International Classification of Diseases, Version 10 - Procedure Coding System	192236
ICD11-BODYSYSTEM	Body System Terms from ICD11	30
ICD9CM	International Classification of Diseases, Version 9 - Clinical Modification	22533
ICDO	International Classification of Diseases Ontology	1388
ICECI	International Classification of  External Causes of Injuries	2232
ICEO	Integrative and Conjugative Element Ontology	30914
ICF	International Classification of Functioning, Disability and Health	1596
ICHOM-PROMS-PCB	ICHOM Set Pregnancy and Childbirth	2
ICNP	International Classification for Nursing Practice	4476
ICO	Informed Consent Ontology	963
ICPC2P	International Classification of Primary Care - 2 PLUS	7537
ICPS	International Classification for Patient Safety	398
ICW	International Classification of Wellness	121
ID-AMR	Infectious Diseases and Antimicrobial Resistance	2
IDEM	IDEM: wInD Energy Models Taxonomy	2
IDG_GL	IDG gene list	419
IDO	Infectious Disease Ontology	362
IDO-COVID-19	The COVID-19 Infectious Disease Ontology	486
IDOBRU	Brucellosis Ontology	
IDODEN	Dengue Fever Ontology	5019
IDOMAL	Malaria Ontology	3158
IDQA	Image and Data Quality Assessment Ontology	260
IFAR	Fanconi Anemia Ontology	4530
IK	Irabi kassim	
ILLNESSINJURY	Illness and Injury	21
IMGT-ONTOLOGY	Immunogenetics Ontology	1429
IMOBO	Intelligent Medicine oriented Biobank Ontology	
INBANCIDO	Assessment of Indian Economy During Covid-19 	7834
INBIO	Invasion Biology Ontology	
INBIODIV	An Ontology for Indian Biodiversity Knowledge Management	628
INCENTIVE	INCENTIVE Community Controlled Vocabulary	2
INCENTIVE-VARS	INCENTIVE Variables	2
INFECTION_TRANS	Infection Transmission Ontology	22
INFRA-EN	Infrastructure	
INFRARISK	InfraRisk Ontology	33
INJURYTYPES	Injury Types	2
INO	Interaction Network Ontology	328
INSECTH	insectH	162
INSNAME	VODANAINSNAMES	2
INTO	Indian Terrorism Ontology	261
INTVEETYPE	Interviewee Type	2
INTVMODE	Interview Mode	2
INVERSEROLES	ISO-15926-2_2003_inverseRoles	203
IOBC	Interlinking Ontology for Biological Concepts	126847
IPD	injury process description ontology	8
IRD	Inherited Retinal Dystrophies	541
IRDG	Data harmonization ontology for cross border malaria surveillance 	49
ISO-15926-2_2003	ISO-15926-2_2003_oil	203
ISO-ANNOTATIONS	ISO-15926-2_2003_annotations	203
ISO-FOOD	A formal representation of the knowledge within the domain of Isotopes for Food Science	
ISO19108TO	ISO 19108 Temporal Objects	17
ISO19110	ISO 19110 Methodology for Feature Cataloguing	36
ISO19115	ISO 19115	135
ISO19115CC	ISO 19115 Common Classes	21
ISO19115CI	ISO 19115 Citation Information	23
ISO19115CON	ISO 19115 Constraints Information	14
ISO19115DI	ISO 19115 Distribution Information	18
ISO19115DTC	ISO 19115 Date Type Code	19
ISO19115EX	ISO 19115 Extent Information	14
ISO19115ID	ISO 19115 Identification Information	30
ISO19115MI	ISO 19115 Metadata Information	23
ISO19115PR	ISO 19115 Codelists	46
ISO19115ROLES	ISO 19115 Role Codes	2
ISO19115SRS	ISO 19115 Reference Systems	7
ISO19115TCC	ISO 19115 Topic Categories	20
ISO639-1	ISO 639-1: Codes for the Representation of Names of Languages - Part 1: Two-letter codes for languages	2
ISO639-2	ISO 639-2: Codes for the Representation of Names of Languages	11
ISPO	Integrated Ontology for Symptom Phenotype Terminologies	3148
ISSVA	International Society for the Study of Vascular Anomalies (ISSVA) Ontology	194
ITEMAS	Medical Technology Innovation in healthcare centers	134
ITO	Intelligence Task Ontology	16283
IXNO	Interaction Ontology	64
JERM	Just Enough Results Model Ontology	295
KENYAANC	kenyaancfile	2
KGCL	Knowledge Graph Change Language	100
KISAO	Kinetic Simulation Algorithm Ontology	525
KORO	Knowledge Object Reference Ontology	110
KTAO	Kidney Tissue Atlas Ontology	11211
KUSIIMA	naava	
LABO	clinical LABoratory Ontology	169
LAND-SURFACE	Land Surface classifiers	19
LANDFORM	Landform classifiers	19
LBO	Livestock Breed Ontology	1137
LC-CARRIERS	Library of Congress Carriers Scheme	
LC-MEDIA	Library of Congress Media Types Scheme	6
LCDGT	Library of Congress Demographic Group Terms	4
LCGFT	Library of Congress Genre/Form Thesaurus for Library and Archival Materials	12
LDA	Ontology of Language Disorder in Autism	
LDBASE	LDbase	2
LEGALAPA	legalapa	227
LEGALAPATEST2	apalegal	227
LEO	Living Environment Ontology	234
LEPAO	Lepidoptera Anatomy Ontology	822
LHN	Loggerhead Nesting Ontology	308
LIB	MWS-WSM	
LIBRARY	wsm24	
LICO	Liver Case Ontology (LiCO)	93
LIFO	Life Ontology	215
LION	LipidOntology	63567
LIPRO	Lipid Ontology	276
LOINC	Logical Observation Identifier Names and Codes	292064
LONGCOVID	Long Covid Phenotype Ontology	9
LPT	Livestock Product Trait Ontology	504
LSFC	LSFC	
LSFO	Lifestyle Factor Ontology	5598
LUNGMAP-HUMAN	Anatomic Ontology for Human Lung Maturation	304
LUNGMAP-MOUSE	Anatomic Ontology for Mouse Lung Maturation	308
LUNGMAP_H_CELL	Cell Ontology for Human Lung Maturation	80
LUNGMAP_M_CELL	Cell Ontology for Mouse Lung Maturation	92
M	May	
M4M-20-SUBJECTS	M4M.20 FAIRWare Subjects	10
M4M-20-VARIABLES	M4M.20 FAIRWare Variables	10
M4M-21-SUBJECTS	M4M.21 FAIRWare Subjects	10
M4M-21-VARIABLES	M4M.21 FAIRWare Variables	10
M4M-CHAR	M4M-CHAR	2
M4M19-SUBS	M4M19 Subjects	2
M4M19-VARS	M4M19 Variables	2
MA	Mouse Adult Gross Anatomy Ontology	3257
MACROALGAETRAITS	Macroalgae Traits Thesaurus	2
MADS-RDF	Metadata Authority Description Schema in RDF	67
MAMO	Mathematical Modelling Ontology	
MAMO-SCR-ONTO	Mammography Screening Ontology	11
MARC-LANGUAGES	MARC List for Languages	
MARC-RELATORS	MARC Code List for Relators	
MAT	Minimal Anatomical Terminology	2166
MATERIALSMINE	MaterialsMine Ontology	687
MATR	Material	28
MATRCOMPOUND	Material Compound	8
MATRELEMENT	Material Element	24
MATRROCK	Material Rock	22
MATRROCKIGNEOUS	Material Rock Igneouus	44
MAXO	Medical Action Ontology	7057
MCBCC	Breast Tissue Cell Lines Ontology	385
MCCL	Cell Line Ontology [by Mahadevan]	5475
MCCV	Microbial Culture Collection Vocabulary	23
MCHVODANATERMS	MCHVODANATERMS	2
MCO	Microbial Conditions Ontology	3384
MCO4HKE	Multiplex Classification Ontology for the HyperKvasir Experiment	19
MCO4MCRE	Multiplex Classification Ontology for the MultiCaRe Experiment	36
MCRO	Model Card Report Ontology	938
MCR_TX	MultiCaRe Taxonomy	163
MDDB	Master Drug Data Base Clinical Drugs	13817
MDM	Mapping of Drug Names and MeSH 2022	44789
MEDDRA	Medical Dictionary for Regulatory Activities Terminology (MedDRA)	81485
MEDEON	Medical Error Ontology	71
MEDICALINFO	mymedicalinformation	12
MEDLINEPLUS	MedlinePlus Health Topics	2265
MEDO	Mouse Experimental Design Ontology	83
MEGO	Mobile Genetic Element Ontology	375
MELLO-D	MEdical LifeLog Ontology for people with Disability	
MELO	Melanoma Ontology	528
MEO	Metagenome and Microbes Environmental Ontology	2518
MEPO	Mapping of Epilepsy Ontologies	5687
MERA	Medical Educational Resource Aggregator	5
MESH	Medical Subject Headings	355057
METABUS	metaBUS controlled vocabulary for organizational and applied psychology research	5184
MF	Mental Functioning Ontology	401
MFMO	Mammalian Feeding Muscle Ontology	268
MFO	Medaka Fish Anatomy and Development Ontology	4358
MFOEM	Emotion Ontology	623
MFOMD	MFO Mental Disease Ontology	879
MGBD	MGB Drug List	10
MHC	Major Histocompatibility Complex Ontology	7929
MHCRO	MHC Restriction Ontology	51411
MI	Molecular Interactions	1619
MIAPA	MIAPA Ontology	232
MIDO	Medical Imaging and Diagnostic Ontology	51838
MIM	Molecular Interaction Map	88
MINERAL	Material Mineral	16
MINI-FAST-1	mini fast test	2
MIO	Myocardial Infarction Ontology	3090
MIRNAO	MicroRNA Ontology	676
MIRO	Mosquito Insecticide Resistance	4409
MIXS	Minimal Information about any Sequence Ontology	1549
MIXSCV	Minimal Information about any Sequence (MIxS) Controlled Vocabularies	519
MLTX	Machine Learning Methodology Taxonomy Mapping	13
ML_MCR_TX	MultiCaRe Taxonomy (ML Labels)	81
MM	mm	
MMO	Measurement Method Ontology	851
MMUSDV	Mouse Developmental Stages	113
MNR	Material Natural Resource 	23
MNV	VODANA Migrants	2
MO	Microarray and Gene Expression Data Ontology	236
MOC	Material Organic Compound	27
MODSCI	Modern Science Ontology	264
MOMCARE	MomCareVocabulary	2
MONDO	Mondo Disease Ontology	30040
MONO	Monogenean Ontology	18
MOOCCIADO	Molgula occidentalis Anatomy and Development Ontology	856
MOOCCUADO	Molgula occulta Anatomy and Development Ontology	856
MOOCULADO	Molgula oculata Anatomy and Development Ontology	856
MOP	Molecular Process Ontology	3686
MOSAIC	The MOSAiC Ontology	242
MP	Mammalian Phenotype Ontology	15420
MPATH	Mouse Pathology Ontology	891
MPIO	Minimum PDDI Information Ontology	51
MPO	Microbial Phenotype Ontology	326
MRO	Defen	
MS	Mass Spectrometry Ontology	3636
MSO	Multiple sclerosis ontology	1172
MSR	Mammography screening recommendation	16
MSTDE	Minimal Standard Terminology of Digestive Endoscopy	1826
MSV	Metagenome Sample Vocabulary	649
MVAONT	Mosquito Vector Association Ontology with Biocontrol Agents	175
MWLA	Medical Web Lifestyle Aggregator	32
MY_SYRIANCINEMA	MWS-WSM Syrian Cinema Ontology	7
N-CDOH	Non Clinical Determinants of Health	361
NANDO	Nanbyo Disease Ontology	2921
NATPRO	Natural Products Ontology	9465
NBO	Neuro Behavior Ontology	4548
NCBITAXON	National Center for Biotechnology Information (NCBI) Organismal Classification	736927
NCCNEHR	NCCN EHR Oncology Categories	14
NCCO	Nursing Care Coordination Ontology	400
NCIT	National Cancer Institute Thesaurus	184165
NCOD	NCoD	0
NCRO	Non-coding RNA Ontology	11883
NDDF	National Drug Data File	32611
NDDO	Neurodegenerative Disease Data Ontology	1731
NDFRT	National Drug File - Reference Terminology	36202
NEIC-ONTO	Unoffical NeIC Organisation Vocabulary	2
NEICBEER	The NeIC PaRI beer vocabulary	2
NEIO	Neural Electronic Interface Ontology	174
NEMO	Neural ElectroMagnetic Ontology	1847
NEO	Neurologic Examination Ontology	1610
NEOMARK3	Neomark Oral Cancer Ontology, version 3	55
NEOMARK4	Neomark Oral Cancer Ontology, version 4	325
NERO	Named Entity Recognition Ontology 	63
NEUDIGS	Neuroscience Domain Insight Graph	23
NEUMORE	Neural Motor Recovery Ontology	33
NEUROBRG	NeuroBridge Ontology	667
NGBO	Next Generation Biobanking Ontology	
NGSONTO	NGS ontology	59
NHSQI2009	NHS Quality Indicators	
NIC	Nursing Interventions Classification	
NIDM-RESULTS	NIDM-Results	161
NIFCELL	Neuroscience Information Framework (NIF) Cell Ontology	374
NIFDYS	Neuroscience Information Framework (NIF) Dysfunction Ontlogy	11256
NIFSTD	Neuroscience Information Framework (NIF) Standard Ontology	177974
NIFSUBCELL	Neuroscience Information Framework (NIF) Subcellular Ontology	412
NIGO	Neural-Immune Gene Ontology	4842
NIHSS	National Institutes of Health Stroke Scale Ontology	19
NIO	Neuropsychological Integrative Ontology	3303
NIST_GEL	NIST Genome Editing Lexicon	52
NLMVS	NIH NLM Value Sets	5
NLN	NLighten Ontology	411
NMDCO	NMDC Ontology	13683
NMOBR	NeuroMorpho.Org brain region ontologies	3883
NMOSP	NeuroMorpho.Org species ontology	1673
NMR	NMR-Controlled Vocabulary	788
NND_CH	NND_Clinical_history	114
NND_ND	NND_Neuropathological_Diagnosis	111
NOMEN	NOMEN - A nomenclatural ontology for biological names	
NONRCTO	Non-Randomized Controlled Trials Ontology	156
NPI	Non-Pharmacological Interventions (NPIs)	45
NPO	NanoParticle Ontology	1904
NPOKB	Neuron Phenotype Ontology	6314
NRO	NeuralReprogrammingOntology	563
NXDX	Test NXDX	
O-REXTECH	OSIRIS-REx Analytical Technique	5
OA	Web Annotation Ontology	25
OAE	Ontology of Adverse Events	10589
OARCS	Ontology of Arthropod Circulatory Systems	308
OBA	Ontology of Biological Attributes	72799
OBCS	Ontology of Biological and Clinical Statistics	1211
OBI	Ontology for Biomedical Investigations	4941
OBIB	Ontology for Biobanking	1804
OBIWS	Bioinformatics Web Service Ontology	228
OBI_BCGO	Beta Cell Genomics Ontology	2270
OBI_IEE	The Ontology for Biomedical Investigation based Inner Ear Electrophysiology 	3507
OBOE	The Extensible Observation Ontology	292
OBOE-SBC	Santa Barbara Coastal Observation Ontology	631
OBOREL	Relations Ontology	58
OBS	OntoBioStat	57
OCCO	Occupation Ontology	1769
OCD	OCD ontology	2475
OCDM	Ontology of Craniofacial Development and Malformation	0
OCE	Ontology of Chemical Elements	249
OCHV	Ontology of Consumer Health Vocabulary	115645
OCIMIDO	Ocular Immune-Mediated Inflammatory Diseases Ontology	661
OCMR	Ontology of Chinese Medicine for Rheumatism	3359
OCO	OpenCareOntology 	196
OCRE	Ontology of Clinical Research	389
OCVDAE	Ontology of Cardiovascular Drug Adverse Events	2948
ODAE	Ontology of Drug Adverse Events	3672
ODHT	Digital Health Technologies	39
ODNAE	Ontology of Drug Neuropathy Adverse Events	1544
OF	OntoFood	
OFSMR	Open Predictive Microbiology Ontology	159
OGCO	OriGinal Chemical Ontology	8776
OGDI	Ontology for Genetic Disease Investigations	386
OGG	Ontology of Genes and Genomes	69689
OGG-MM	Ontology of Genes and Genomes - Mouse	69433
OGI	Ontology for Genetic Interval	184
OGMD	Ontology of Glucose Metabolism Disorder	134
OGMS	Ontology for General Medical Science	187
OGR	Ontology of Geographical Region	39
OGROUP	Orthologous Group Ontology	4
OGSF	Ontology for Genetic Susceptibility Factor	389
OHD	The Oral Health and Disease Ontology	2910
OHMI	Ontology of Host-Microbe Interactions	1025
OHPI	Ontology of Host-Pathogen Interactions	11292
OLAM	Ontology of Laboratory Animal Medicine	280
OLAS	Ontology of Laboratory Animal Science	984
OLATDV	Medaka Developmental Stages	47
OM	Ontology of units of Measure	814
OMDO	OligoMetastatic Disease Ontology	15314
OMIM	Online Mendelian Inheritance in Man	109070
OMIT	Ontology for MicroRNA Target	90916
OMO	OBO Metadata Ontology	34
OMP	Ontology of Microbial Phenotypes	2309
OMRSE	Ontology for Modeling and Representation of Social Entities	645
OMV	Ontology Metadata Vocabulary	16
ONE	Ontology for Nutritional Epidemiology	3835
ONL-DP	Dataset processing	541
ONL-MR-DA	Magnetic Resonance Dataset Acquisition Ontology	702
ONL-MSA	Mental State Assessment	769
ONL-TASKS	Cognitive Reserves Assessment Tasks	47
ONLIRA	Ontology of Liver for Radiology	56
ONS	Ontology for Nutritional Studies	4735
ONSTR	Ontology for Newborn Screening Follow-up and Translational Research	1866
ONTOAD	Bilingual Ontology of Alzheimer's Disease and Related Diseases	5899
ONTOAVIDA	OntoAvida: ontology for Avida digital evolution platform	675
ONTODM-ALGORITHM	OntoDM-core/algorithms	377
ONTODM-CORE	Ontology of Core Data Mining Entities	1729
ONTODM-KDD	Ontology of Data Mining Investigations	264
ONTODT	Ontology of Datatypes	377
ONTOKBCF	Ontological Knowledge Base Model for Cystic Fibrosis	408
ONTOLURGENCES	Emergency care ontology	10031
ONTOMA	Ontology of Alternative Medicine, French	436
ONTONEO	Obstetric and Neonatal Ontology	
ONTOPARON	Ontology of Amyotrophic Lateral Sclerosis, all modules	2464
ONTOPARON_SOCIAL	Ontology of amyotrophic  lateral sclerosis, social module	1282
ONTOPBM	Ontology for Process-Based Modeling of Dynamical Systems (OntoPBM)	178
ONTOPNEUMO	Ontology of Pneumology	1153
ONTOPSYCHIA	OntoPsychia, social module	1719
ONTOREPLICOV	OntoRepliCov	85
ONTOSIM	The Ontology of Information System on Mortality	11
ONTOSINASC	Ontology of Information System on Live Births	8
ONTOTOX	Chemotherapy Toxicities Ontology	16
ONTOTOXNUC	Ontology of Nuclear Toxicity	650
ONTRISCAL	Ontology of Risk Stratification in Mental Health	332
OOEVV	Ontology of Experimental Variables and Values	68
OOSTT	Ontology of Organizational Structures of Trauma centers and Trauma systems	823
OPB	Ontology of Physics for Biology	858
OPD-NAMBOBI	SELECTED OTHER PRIORITY DISEASES UNDER IDSR (INTEGRATED DISEASE SURVEILLANCE AND RESPONSES)	0
OPDE	OPD-Ethiopia	2
OPDRE	OPD Regitry Ethiopia	0
OPDRONT	OPD Register Ontology	2
OPDT	opd_test	2
OPDZIMBABWE	OPDZimbabwe	2
OPE	Ontology of Physical Exercises	634
OPL	Ontology for Parasite LifeCycle	561
OPMI	Ontology of Precision Medicine and Investigation	3153
OPTIMAL	OPTImAL: An ontology for patient adherence modeling in physical activity domain	142
OPTION-ONTOLOGY	Optimization Algorithm Benchmarking Ontology	347
ORCS	Ontology for Representing CDM Semantics	861
ORDO	Orphanet Rare Disease Ontology	15579
OREX-SAM	OSIRIS-REx sample type	5
OREX-WG	OSIRIS-REx sample analysis workgroups	5
ORNASEQ	Ontology of RNA Sequencing	164
ORTH	Orthology Ontology	34
OTO	 Obesity Tracking Ontology	
OVAE	Ontology of Vaccine Adverse Events	1555
OntoVIP	Medical image simulation	
PACO	Physical Activity Ontology	224
PAE	Plant Anatomy	1548
PAINO	Pain Ontology	
PANDA	Probabilistic Knowledge Assembly Ontology	75
PANET	PaN Experimental technique	379
PARTUMDO	postpartum depression ontology	734
PATAXO	Technical Taxonomies for Patents	0
PATCT	Placental Cell Type	153
PATEL	Archana Patel	123
PATGV	Placental Genetic Variance	73
PATHLEX	Anatomic Pathology Lexicon	1786
PATIT	Placental Investigative Technique	139
PATMHC	Placental Maternal Health Conditions	228
PATO	Phenotypic Quality Ontology	8688
PAV	PAV Provenance, Authoring and Versioning	2
PAYMENTMODE	Payment Mode	2
PAYOR	Payor	2
PBO	Plant Breeding Ontology	2272
PBPKO	Physiologically Based Pharmacokinetic ontology	
PCALION	Prostate Cancer Lifestyle Ontology	
PCAO	Prostate Cancer Ontology	633
PCL	Provisional Cell Ontology	197879
PCMO	Pediatric Consultation and Monitoring Ontology 	20
PCO	Population and Community Ontology	221
PDO	Pathogenic Disease Ontology	
PDON	Parkinson's Disease Ontology	632
PDO_CAS	Plant Diversity Ontology	380
PDQ	Physician Data Query	
PDRO	The Prescription of Drugs Ontology	703043
PDUMDV	Platynereis Developmental Stages	21
PE	Pulmonary Embolism Ontology	97
PE-O	Pre-eclampsia Ontology	1251
PEAO	Plant Experimental Assay Ontology	2298
PECO	Plant Experimental Conditions Ontology	3135
PEDTERM	Pediatric Terminology	1771
PEO	Parasite Experiment Ontology	143
PEO_ONTOLOGY	Prompt Engineering Ontology	124
PESONT	Preposition_enabled Spatial Ontology	160
PGHD-BP	PGHD Auxillary - BP	2
PGHD_CONNECT	PGHD_CONNECT	
PGXO	PGxO	15
PHAGE	Phylogenetics Ontology	51495
PHARE	Pharmacogenomic Relationships Ontology	229
PHARMGKB	PharmGKB Ontology	
PHENOMEBLAST	PhenomeBLAST Ontology	
PHENX	PhenX Phenotypic Terms	533
PHFUMIADO	Phallusia fumigata Anatomy and Development Ontology	880
PHIPO	Pathogen Host Interaction Phenotype Ontology	3978
PHMAMMADO	Phallusia mammillata Anatomy and Development Ontology	880
PHY	physiotherapy	5
PHYLONT	Phylogenetic Ontology	148
PIERO	Enzyme Reaction Ontology for annotating Partial Information of chemical transformation	36
PINO	Pregnancy Information Needs Ontology	267
PLANA	Planarian Anatomy and Developmental Stage Ontolgoy	876
PLANP	Planarian Phenotype Ontology	3562
PLANTSO	Plant Stress Ontology	3933
PLIO	Protein-ligand interaction ontology	376
PLOSTHES	PLOS Thesaurus	4
PMA	Portfolio Management Application	2084
PMAPP-PMO	PMO Precision Medicine Ontology	76155
PMD	Persian Medicine Diseases Ontology	529
PMDO	Parkinson and Movement Disorder Ontology	629
PMO	Performed Music Ontology	45
PMO-SPEED	PMO Playing Speed Vocabulary	2
PMR	Physical Medicine and Rehabilitation	1597
PNADO	Pneumonia Diagnosis Ontology	
PO	Plant Ontology	2026
POEM	Psychometric Ontology of Experiences and Measures	1636
PORO	Porifera Ontology	896
PP	Pipeline Patterns Ontology	15
PPLC	Placental Pathology Lesion Classification	
PPO	Plant Phenology Ontology	543
PR	Protein Ontology	360877
PREGONTO	Pregnancy Ontology	39
PREMEDONTO	Precision Medicine Ontology	543
PREO	Presence Ontology	276
PROCCHEMICAL	Chemical Process	53
PROCO	Process Chemistry Ontology	922
PROJ	Project ontology	46
PROPREO	Proteomics Data and Process Provenance Ontology	401
PROVO	Provenance Ontology	31
PSDO	Performance Summary Display Ontology	1123
PSDS	Plant Structure Development Stage	345
PSIMOD	Protein Modification Ontology	2098
PSO	PatientSafetyOntology	567
PSO_2	PatientSafetyOntologyRevisted	291
PTO	Plant Trait Ontology	1691
PTRANS	Pathogen Transmission Ontology	35
PTS	Pathway Terminology System	6623
PU	PUPR Dataset	
PVONTO	Pharmacovigilance Ontology	33
PW	Pathway Ontology	2700
QUDT	Quantities, Units, Dimensions, and Types Ontology	133
QUDT2	Quantities, Units, Dimensions and Types (QUDT) Schema - Version 2.0	114
QUDT2-1	Quantities, Units, Dimensions and Types (QUDT Version 2.1)	
RADLEX	Radiology Lexicon	46840
RADMO	RADx Metadata Ontology	
RADXTT-MVREASONS	RADx Tiger Team Missing Value Reasons	2
RAO	Rheumatoid Arthritis ontology	280
RB	RegenBase ontology	442
RBO	Radiation Biology Ontology	8799
RCD	Read Codes, Clinical Terms Version 3 (CTV3) 	
RCTONT	Randomized Controlled Trials Ontology	195
RCTV2	Read Clinical Terminology Version 2	88854
RDA-CONTENT	RDA Content type	2
RDA-ISSUANCE	RDA Mode of Issuance	2
RDFS	The RDF Schema vocabulary	7
RDL	RDL	203
RDO	Reusable Biodiversity Ontology	362
REGN_BRO	REGN_BRO	486
REGN_GO	REGN_GO	51063
REPO	Reproductive Trait and Phenotype Ontology	96
REPOS	repository	5
REPRODUCE-ME	REPRODUCE-ME	347
RETO	Regulation of Transcription Ontology	147738
REX	Physico-Chemical Process	552
REXO	Regulation of Gene Expression Ontolology	158239
RGD	RRB Group D	
RH-MESH	Robert Hoehndorf Version of MeSH	305349
RNAO	RNA Ontology	692
RNPRIO	Research Network and Patient Registry Inventory Ontology	79
RNRMU	RNRMU	2310
RO	Radiomics Ontology	458
ROCKNROLLTEST	ROCK-N-ROLL-TEST	
ROLEO	Role Ontology	2125
ROO	Radiation Oncology Ontology	1307
ROS	Radiation Oncology Structures Ontology	416
RPO	Resource of Asian Primary Immunodeficiency Diseases (RAPID) Phenotype Ontology	1545
RS	Rat Strain Ontology	5363
RSA	Reference Sequence Annotation	10
RVO	Research Variable Ontology	12
RXNO	Name Reaction Ontology	1074
RXNORM	RxNORM	123247
SALMON	Salmon Ontology	1121
SAO	Subcellular Anatomy Ontology	764
SARSMUTONTO	Ontology for SARS-CoV-2  lineages and mutations	2388
SASAP	The State of Alaska's Salmon and People Ontology	30
SATO	SATO (IDEAS expAnded wiTh BCIO): workflow for designers of patient-centered mobile health behaviour change intervention applications	1264
SATUSEHATTHESIS	SatuSehatThesis	
SBO	Systems Biology Ontology	695
SBOL	Synthetic Biology Open Language Visual Ontology	41
SCDO	Sickle Cell Disease Ontology	2072
SCHEMA	Schema.org core and all extension vocabularies	822
SCIO	Spinal Cord Injury Ontology	320
SCO	Study Cohort Ontology	2712
SCO_F23	Syrian Cinema Ontology - ahmad - F23	
SCO_V1	Sustainability Core Ontology	80
SD3	Simulation Delivery and Documentation Deviations	57
SDO	Sleep Domain Ontology	1382
SDOED	Social Determinants of Education Ontology	231
SDOHO	social determinants of health ontology-TaoLab	385
SEDI	Semantic DICOM Ontology	1423
SENSO	Sensitive Data Ontology	4
SEP	Sample Processing and Separation Techniques Ontology	223
SEPIO	Scientific Evidence and Provenance Information Ontology	127
SEPON	Sepsis Ontology	1908
SHR	Student Health Record Ontology	295
SIBO	Social Insect Behavior Ontology	525
SIMM	In Silico Methodologies Ontology for MAATrica metric	304
SIMON	Simple Measurement Ontology	
SIO	Semanticscience Integrated Ontology	1584
SITBAC	Situation-Based Access Control Ontology	178
SK	Digital Forensic	38
SLEEP	SLEEP ontology	
SLSO	Space Life Sciences Ontology	2397
SMASH	SMASH Ontology	
SMO	Syrian Movies Ontology	
SNMI	Systematized Nomenclature of Medicine, International Version	109150
SNOMEDCT	SNOMED CT	375783
SNPO	Single-Nucleotide Polymorphism (SNP) Ontology	90
SO	Sequence Types and Features Ontology	2736
SOCPRES	Social Prescribing Ontology	54
SOHO	Social Determinants of Health Ontology	172
SOIL-PROF	Soil Profile classifiers	
SOPHARM	Suggested Ontology for Pharmacogenomics	117
SOS	emergência	
SOY	Soy Ontology	1835
SP	SMART Protocols	507
SPD	Spider Anatomy Ontology	832
SPO	Skin Physiology Ontology	339
SPTO	Solanaceae Phenotype Ontology	501
SP_ONTOLOGY	SmartPITeS Proyect Ontology for Complex Chronic Patients	334
SSE	Surgical Secondary Events	244
SSN	Semantic Sensor Network Ontology	23
SSO	Syndromic Surveillance Ontology	176
SST	SATUSEHAT Thesis	17
STATO	Statistics Ontology	1004
STMSO	symptomatic treatment of multiple sclerosis ontology	626
STO-DRAFT	The Stroke Ontology	1712
STRONG	STress ONtoloGy	155
STY	Semantic Types Ontology	127
SUGARBIND	SugarBind	13
SURGICAL	Nurse Surgical	51
SVU_MWS_WSM	Syrian Cinema Ontology	7
SVU_MWS_WSM_F23	MWS-WSM-F23 Syrian Cinema Ontology	7
SWEET	Semantic Web for Earth and Environment Technology Ontology	10239
SWO	Software Ontology	1971
SYMP	Symptom Ontology	1019
SYRIAN-CINEMA	Syrian Cinema	
SYRIANDRUGS	Syrian Drugs and medicines	3
T4FS	terms4FAIRskills	564
TADS	Tick Gross Anatomy Ontology	628
TAO	Teleost Anatomy Ontology	3428
TAON	Therapeutic Antibody Ontology	
TAXRANK	Taxonomic Rank Vocabulary	74
TCDO	Traditional Chinese Drug Ontology	
TCO	Thyroid Cancer Ontology	578
TDWGSPEC	TDWG Specimen LSID Ontology	9
TEDDY	Terminology for the Description of Dynamics	167
TEMPO	TempO	1
TEO	Time Event Ontology	965
TEPHRAM4MEXAMPLE	Tephra M4M Example	2
TEST-M4M20-PAV	test-m4m20-subjects-pav	2
TESTEX	test1	102
TEST_A	TEST_A	102
TEST_CBI	test_cbi	4
TGMA	Mosquito Gross Anatomy Ontology	1864
THESISDEMO	thesisdemo	12
THREE-ST	3-Step Theory of suicide	48
TIME	OWL-Time	21
TIMEBANK	Timebank Ontology	133
TM-CONST	Traditional Medicine Constitution Value Set	20
TM-MER	Traditional Medicine Meridian Value Sets	20
TM-OTHER-FACTORS	Traditional Medicine Other Factors Value Set	12
TM-SIGNS-AND-SYMPTS	Traditional Medicine Signs and Symptoms Value Set	325
TMA	Tissue Microarray Ontology	7
TML	trasformative machine learning metadata	12
TMO	Translational Medicine Ontology	225
TOK	Terminological and Ontological Knowledge Resources Ontology	193
TOP-MENELAS	Menelas Project Top-Level Ontology	458
TP4	Oualid	
TP_REL_FAM	Relation familiales	8
TRAK	Taxonomy for Rehabilitation of Knee Conditions	1619
TRANS	Nurse Transitional	46
TRIAGE	Nurse triage	32
TRON	Tribolium Ontology	965
TST7	FIELDLAB3_2023	2
TTO	Teleost Taxonomy Ontology	38705
TXPO	Toxic Process Ontology	9407
TYPON	Microbial Typing Ontology	44
UBERON	Uber Anatomy Ontology	26853
UGANDA_DISEASES	Uganda_diseases	2
UHC-METADATA	UHC Metadata	103
UMMS	FirstOntologyForUMMS	28
UNITSONT	Units Ontology	64
UO	Units of Measurement Ontology	572
UPA	Unipathway	4673
UPHENO	Combined Phenotype Ontology	191559
URL	URL ONTOLOGY	69
VANDF	Veterans Health Administration National Drug File	31038
VARIO	Variation Ontology	495
VBO	Vertebrate Breed Ontology	19577
VDOT	Viral Disease Ontology Trunk	519
VEO	Visualized Emotion Ontology	730
VFB_DRIVERS	vfb_drivers	20832
VHOG	Vertebrate Homologous Organ Group Ontology	1185
VICO	Vaccination Informed Consent Ontology	710
VIDO	Virus Infectious Disease Ontology	432
VIMM	In Vitro Methodologies Ontology for MAATrica metric	260
VIO	Vaccine Investigation Ontology	80
VIVO	VIVO Ontology for Researcher Discovery	418
VIVO-ISF	VIVO-Integrated Semantic Framework	414
VO	Vaccine Ontology	14459
VODANA-GENERAL	VODANATERMS	2
VODANA-MI	VODANA-MIGRANTS-INTERVIEWS	2
VODANA-MIGRANTS	VODANA MIGRANTS VOCABULARY	2
VODANA-MPA	VODANA-MIGRANTS-PRESS ARTICLES	2
VODANACOVID	VODANA-COVIDTERMS	2
VODANADISEASES	VODANADiseases	2
VODANAKENYA	VODANA KENYA	2
VODANAMFLCODE	VODANAFACILITIESLIST	2
VODANANIGERIA	VODANANIGERIA	2
VODANAUGANDA	VODANAUGANDA	2
VODANETHIOPIA_OR	ETHIOPIA_OUTPATIENT	
VODAN_ANC	VODAN ANC Vocabulary 	2
VRD	Vaccineresearchdata	13
VSAO	Vertebrate Skeletal Anatomy Ontology	314
VSO	Vital Sign Ontology	159
VT	Vertebrate Trait Ontology	3920
VTO	Vertebrate Taxonomy Ontology	107254
VVMM	In Vivo Methodologies Ontology for MAATrica metric	125
WB-BT	C. elegans Gross Anatomy Vocabulary	7612
WB-LS	C. elegans Development Vocabulary	752
WB-PHENOTYPE	C. elegans Phenotype Vocabulary	2712
WC	Whole-cell modeling ontology	272
WEAR	WEAR: Wind Energy mAteRials Taxonomy	2
WEAVE	WEAVE: Wind Energy ActiVitiEs	2
WETAXTOPICS	NEAT: wiNd Energy tAxonomy of Topics	2
WHO-ART	World Health Organization (WHO) Adverse Reaction Terminology	1851
WIKIPATHWAYS	WikiPathways	33
WSIO	Web-Service Interaction Ontology	31
WSM-LIBRARY	MWS	
WWECA	Women with Epilepsy of Child-bearing Age Ontology	691
XAO	Xenopus Anatomy Ontology	1846
XCO	Experimental Conditions Ontology	1552
XEO	XEML Environment Ontology	145
XLMOD	mass spectrometry cross-linking and derivatization reagents	
XPO	Xenopus Phenotype Ontology	29416
XREF-FUNDER-REG	CrossRef Funder Registry	5
ZAHRAHADDAD	ارتباطات	
ZEA	Maize Gross Anatomy Ontology	179
ZECO	Zebrafish Experimental Conditions Ontology	161
ZFA	Zebrafish Anatomy and Development Ontology	3285
ZFS	Zebrafish Developmental Stages	54
ZONMW-ADMIN-MD	ZonMW Administrative Metadata Vocabulary	2
ZONMW-CONTENT	ZonMW COVID-19	2
ZONMW-GENERIC	ZonMw Generic Terms	2
ZP	Zebrafish Phenotype Ontology	63811
pseudo	Pseudogene	23
suicideo	suicideonto	311
